GEOID,avg_hourly_wage
0100100,29.588686819710574
0100200,31.168838688564072
0100300,29.592461541679434
0100401,33.614053529934615
0100402,34.491354675243045
0100403,33.921916327897286
0100501,29.626229385530486
0100600,25.37954473872764
0100700,24.560807699968876
0100800,22.709796689659356
0100900,26.90686115849617
0101000,29.82905065786604
0101100,25.625145367485096
0101201,29.74594760354082
0101202,23.771377593401805
0101301,31.32512570147718
0101401,29.126064166240344
0101402,30.549673244606407
0101403,63.54263651417008
0101404,42.88011875936901
0101501,39.91611160040854
0101502,32.68085484107798
0101600,27.275038588545403
0101700,26.46535514264807
0101801,24.74515244098297
0101802,32.171268956702946
0101901,31.29741177724527
0102000,42.94366093452455
0102101,28.773037487590297
0102201,28.74203130536901
0102300,27.338651048072826
0102400,30.590208768528672
0102500,28.29366828617296
0102600,25.409354362505457
0102701,35.53699296289657
0102702,28.97684107891119
0102801,29.260910181425043
0102802,31.526023969759894
0102803,26.224699659988403
0200101,43.93725142462937
0200102,46.03821291641897
0200200,33.26906638917812
0200300,31.26363974584334
0200400,42.798683228004
0400101,38.413377075925695
0400102,35.442015792210086
0400103,32.29811893238257
0400104,31.176777559586174
0400105,38.90311842027994
0400106,34.172481654305535
0400107,66.78934838764641
0400108,37.56133014640614
0400109,34.6119472602431
0400110,71.98842531611949
0400111,54.673081416144136
0400112,73.60252717897635
0400113,57.813642220981706
0400114,34.311785489758584
0400115,41.84846818151516
0400116,37.83685576972946
0400117,47.05287316097434
0400118,45.60805753211965
0400119,27.33327362653471
0400120,44.19706060940209
0400121,36.85088262844046
0400122,21.010952770005584
0400123,23.156762772868753
0400124,30.92744726982535
0400125,22.857536886508598
0400126,36.56205289510448
0400127,29.290269092766042
0400128,41.370743400678386
0400129,41.01323023847671
0400130,60.463318691788686
0400131,42.907941542405666
0400132,37.87871333772897
0400133,35.953387333211246
0400134,34.43255822462002
0400135,47.578795438899114
0400400,30.489666708590413
0400500,39.009848114940006
0400601,27.56116981228935
0400602,74.91060605310214
0400701,31.380024756947222
0400803,35.44227531789016
0400805,31.06777144321898
0400807,37.693602028178454
0400900,29.760984033714674
0401000,28.023549397645464
0401101,31.5214813599222
0401901,24.70876028494127
0401902,31.33428380933179
0401903,57.18246433051271
0401904,51.3428021206489
0401905,32.70630790949353
0401906,37.738606865632434
0401907,26.03866833121494
0401908,25.214766355088326
0401909,30.85032764719854
0402502,38.70939022272686
0402503,34.30002136673027
0500101,36.843993424092545
0500102,36.92270923334832
0500201,26.382707988860613
0500202,29.165357136082037
0500300,26.85058479699587
0500400,25.220321393616807
0500500,24.480064095845727
0500600,22.464634277102462
0500700,28.88151455937798
0500800,26.634573363571537
0500900,27.489520915051262
0501000,26.735415677119875
0501100,36.2988272989921
0501200,26.398450572323004
0501300,31.541070880279403
0501400,27.207879447758927
0501501,31.172995252241996
0501502,35.75161718927367
0501600,34.774626650809445
0501700,26.55556845852234
0600101,75.0299893140576
0600111,55.55661105357
0600112,74.72112811379051
0600113,34.7427908559892
0600114,55.669494655816194
0600115,38.0650653291773
0600116,50.44400786760259
0600117,59.9002824396706
0600118,57.0319499417169
0600119,96.09042908716386
0600120,72.64139393441518
0600121,82.73523942294307
0600122,36.893859929003014
0600123,35.21566744416833
0600300,39.07531990608889
0600700,30.75871332126276
0601100,27.310383427312654
0601301,33.952761810122524
0601305,84.47261351602461
0601308,34.29558907083312
0601309,41.19366024695831
0601310,48.12233169826602
0601311,53.36086389979425
0601312,84.36445359993643
0601313,89.99830234311587
0601314,33.85409437020291
0601500,28.997826618986178
0601700,76.15832756288704
0601901,24.551007925795957
0601902,38.949779892295886
0601903,26.208257811563783
0601904,44.128978047663765
0601905,30.25126032878484
0601906,40.6422393769612
0601907,39.534379846791026
0602300,30.698224460135055
0602500,27.79419424014881
0602903,28.22780966389295
0602904,24.01415509401986
0602905,32.96242697285204
0602906,24.504551209757537
0602907,45.62560310776486
0602908,40.50718466869533
0603100,28.655347480434155
0603300,37.80270265447603
0603703,30.71897362022321
0603704,30.113997582281932
0603705,48.25067499181285
0603706,36.13916083351603
0603707,27.21927410082083
0603708,37.14453587242223
0603709,67.58540403208679
0603710,32.862712336524865
0603711,38.91945105173088
0603712,27.85888592839426
0603713,47.307649584251735
0603714,40.56098748408205
0603715,37.637590302556866
0603716,28.291725465109355
0603717,47.317680623156825
0603718,49.16388030829562
0603719,44.35881429888163
0603720,51.073692851199816
0603721,38.81516361245815
0603722,32.50989980973618
0603723,28.19228356069612
0603724,42.90814246437886
0603725,42.974592549781455
0603728,58.32368108250688
0603730,56.59833608670517
0603731,65.7204273174389
0603732,49.43317359385449
0603733,32.620697893689616
0603734,55.5657743994443
0603735,44.90516228334739
0603736,43.88737966674468
0603737,33.56305762461928
0603738,28.48879489090699
0603739,47.62236790581632
0603740,30.59565024269276
0603741,24.58078462093328
0603742,21.676125714652553
0603743,26.955172023940854
0603744,34.97858211359218
0603745,27.359460438432528
0603746,24.6780010950887
0603747,39.14718136915358
0603748,78.20808680109481
0603750,27.203779793650696
0603751,22.68133718992845
0603752,27.112875537878494
0603753,33.208489734001844
0603754,39.10274707261272
0603757,25.474259385428947
0603758,31.147772138802086
0603759,33.752356517400635
0603760,66.2824066510503
0603761,47.26664119790622
0603762,36.543526415311874
0603763,35.80608163249136
0603764,39.393153931742084
0603766,30.653852301303612
0603767,46.77109260015228
0603768,67.67696287747789
0603770,57.312803111446996
0603771,44.81441920620562
0603772,49.222720741613585
0603773,59.67852245450919
0603774,200.653339588224
0603775,79.4129751267144
0603776,47.46152104719707
0603778,29.982349741367624
0603779,48.64709642434557
0603780,32.255664910262475
0603781,30.949391711322207
0603782,29.340349815000437
0603900,29.96060014959245
0604103,60.58602422781356
0604104,105.89538160028697
0604701,35.46547450118843
0604702,28.54372954573294
0605301,51.6096408535578
0605302,30.295154951896475
0605303,29.161946687111644
0605500,66.20736568747796
0605700,65.04205208214101
0605906,61.63869654262151
0605907,41.60744737615914
0605908,43.39482525662424
0605909,29.727444653861806
0605912,38.36308787673492
0605913,30.824191102375163
0605914,50.39914169823681
0605916,25.67263013269703
0605917,30.143327621915244
0605918,48.69682399199593
0605919,35.34290325447421
0605920,42.36427628090644
0605921,75.43042115282046
0605922,45.72884804929419
0605923,51.14779060396147
0605924,81.84767721988638
0605925,96.91019526236524
0605926,59.22024840711426
0605927,58.975950327544304
0605928,58.74714024937219
0606101,43.44611447582755
0606102,47.32033469453333
0606103,61.59833229940605
0606501,38.15978482167175
0606502,46.446066705729244
0606507,37.83158591805409
0606509,31.783135856416475
0606511,30.934437555717725
0606514,33.293274078205656
0606515,49.97432805926061
0606516,47.09438753754038
0606517,36.79054414447911
0606518,28.708690911364805
0606519,34.37032460727667
0606520,35.0250577050534
0606521,43.19157317001857
0606522,31.76827147563403
0606523,51.569457180714515
0606524,41.723808718771494
0606525,29.760454429856214
0606701,36.330513516267246
0606703,42.83117886947291
0606704,30.91474408161459
0606705,53.32154354076109
0606706,31.455283476573822
0606707,45.77097727956581
0606709,32.96032481538831
0606712,55.250122765383296
0606713,33.4803164587653
0606714,30.99995316249153
0606715,44.17340877310734
0606716,34.2089124604936
0606717,50.387229761074025
0607101,33.10973337068362
0607102,31.849797653001662
0607103,31.185655544838134
0607104,36.82736311164138
0607105,83.57273177700603
0607107,26.34000029976636
0607108,24.367562970584057
0607110,25.344050763733133
0607111,40.62277711573843
0607112,40.71366461051458
0607115,68.23478867289798
0607116,31.41243039657689
0607117,30.30449327188351
0607118,33.741960064322015
0607119,38.363289229872166
0607301,71.36688082851177
0607302,68.79822774510589
0607306,38.15181882070182
0607307,37.15435382675937
0607308,56.9677254650099
0607310,58.585562659488
0607311,83.52714125012714
0607312,37.294476420408856
0607313,38.481455297005
0607314,45.95032650514501
0607315,53.78379439670012
0607316,69.84181186969818
0607317,40.82611390467859
0607322,28.76039877228122
0607323,38.76394942576427
0607324,72.08435467105014
0607325,57.98408889777015
0607326,81.34155557211729
0607327,29.829089584268317
0607328,34.91780621651772
0607329,45.293154821477096
0607330,37.226210496876504
0607507,45.5694745647406
0607508,73.2103961342156
0607509,52.42146938637381
0607510,71.87707482967683
0607511,90.170296103783
0607512,88.18769870033326
0607513,72.81344460624915
0607514,79.20005006256467
0607705,38.93278762303784
0607706,25.908979464438186
0607707,47.38086141273113
0607708,38.412788458749965
0607709,37.310078685447614
0607901,39.669162771225984
0607902,52.824471894264256
0608101,45.42153699178332
0608102,51.6169722598018
0608103,75.24373329135777
0608104,75.10962398110564
0608105,78.81566883706431
0608106,79.25470747087375
0608301,30.98432156016421
0608302,36.44982323611415
0608303,43.929396866979616
0608505,54.03606407342798
0608506,52.525043588731975
0608507,104.87479673508564
0608508,76.08797837193677
0608510,57.58347062904031
0608511,65.66804660484331
0608512,68.75358369610657
0608515,77.67460116608633
0608516,83.68574683513086
0608517,73.3686604810259
0608518,62.60427298310885
0608519,56.728464054802366
0608520,53.37354539414223
0608521,41.25951853459494
0608522,110.29312459437892
0608701,47.926847044677
0608702,71.60936870066115
0608900,33.636149474643204
0609501,47.814046980081514
0609502,40.27345918046707
0609503,44.31503222241137
0609702,41.35898692217077
0609704,49.142466983007
0609705,36.731460980284204
0609706,48.559842885814334
0609901,29.47006301386632
0609902,29.379069167308852
0609903,35.24258759463432
0609904,36.337852591530954
0610100,36.06226095590354
0610701,31.339198864984205
0610702,85.54697584439494
0610703,24.62487928647869
0611102,65.94105808509828
0611103,32.25242505917611
0611104,46.05756561520817
0611107,45.688613743620984
0611108,45.87633276501598
0611109,49.521125759862294
0611301,40.61132144306913
0611302,38.46168989292428
0800100,33.447159097934815
0800200,53.665825305918
0800301,278.4893430820077
0800302,42.72325626575668
0800303,45.42421540824915
0800401,77.80385873760403
0800501,43.879649075724394
0800502,44.660606540930196
0800601,50.59738694087639
0800701,41.88150114825013
0800702,40.179582834868626
0800703,48.20993148625802
0800801,44.965626584882195
0800901,64.06512562587228
0800902,58.45825226426193
0801001,42.04926577360836
0801002,27.43275447490893
0801003,40.88971478446556
0801101,39.64109373498069
0801201,31.765645952231225
0801202,35.30731265853558
0801301,29.106046693236188
0801401,39.562698338119304
0801501,48.2806967641309
0801601,34.46718023298798
0801602,60.84465825373258
0801603,42.320520517157895
0801701,59.20327920657263
0801702,47.45337811268131
0801703,32.21371898518069
0801704,62.76727913061006
0801705,41.55049299522796
0801800,31.633786694082055
0801900,24.35623619003671
0802001,31.549187607601755
0802002,45.48576089625442
0802003,45.71809071928971
0802004,29.980263826139627
0802005,31.716331306339306
0802006,29.12416647982649
0802101,44.082550836012736
0802200,37.998033970823826
0802301,32.16682546773536
0802401,43.07794701384524
0802501,30.202323874285415
0920100,45.820750110090074
0920201,26.00940534087238
0920202,38.9424409035468
0920203,36.95340999074877
0920204,31.987172590377615
0920205,47.69444762609292
0920206,34.34155533197778
0920207,52.58207926547345
0920301,38.27713424775305
0920401,36.33877359617352
0920402,37.24405183441619
0920500,41.13495593224612
0920601,33.722786618388206
0920602,42.456835235582695
0920603,33.34404154052999
0920604,48.25656263323703
0920701,35.024820645003594
0920702,37.82311623497987
0920703,43.62978180880473
0920801,30.62161863415446
0920802,53.49411336349328
0920901,77.55115051380109
0920902,102.52126515868282
0920903,55.76858313660816
0920904,56.64213059922705
1000101,43.36299083821664
1000102,32.623482633338256
1000103,27.630176829442952
1000104,32.023534987123
1000105,41.26208204396313
1000200,33.134627789294505
1000301,176.77820727949754
1000302,31.011898056835932
1100101,92.66700896430332
1100102,44.464681496444456
1100103,55.13944281842129
1100104,39.70342715488261
1100105,52.91367586802
1100106,57.01005966428905
1200101,27.311473549030914
1200102,42.54368003998528
1200398,34.51565100805782
1200500,45.40633579373829
1200798,27.108600043392382
1200901,26.113506226297957
1200902,55.993961567029864
1200903,52.29611552066157
1200904,28.424723589176303
1200905,34.39955549136132
1201101,48.50011807059461
1201102,26.733707194145843
1201103,48.84167184395868
1201104,32.48667874385762
1201105,28.359999773675682
1201106,33.75411925483767
1201107,22.46727218625151
1201108,44.28714189054252
1201109,30.782254516437455
1201110,38.629112625521216
1201111,40.58522789080686
1201112,33.62163762784412
1201113,33.910501269105914
1201114,36.80770002795755
1201115,29.62017159023916
1201116,45.88242304328227
1201117,53.06435436981563
1201398,28.200298607363337
1201500,37.53320239724479
1201700,34.24732434000451
1201901,32.960884916433315
1201902,31.880386041873503
1202101,85.39790854689295
1202102,64.53712170024852
1202103,44.252074182832395
1202799,27.05091687668322
1203101,27.076296752129096
1203102,28.41407526124
1203103,33.1562968177746
1203104,27.128008737657414
1203105,45.82184224375043
1203106,34.975962653141295
1203107,33.954650040845266
1203301,25.664600871689572
1203302,26.87741319476314
1203303,29.77179870262977
1203500,33.06817612522261
1204798,25.069480472678404
1205199,24.69851109094439
1205300,30.226815446889052
1205701,29.255842678444374
1205702,35.03068813778278
1205703,36.38116000811801
1205704,42.24516092078382
1205705,30.024602956656828
1205706,28.792316141597166
1205707,32.374854187603624
1205708,40.2718630937574
1205709,37.999538214195454
1205710,48.89000291154627
1205711,36.182758835291565
1205998,34.67196331929464
1206100,42.58750649086699
1206901,32.53150177487287
1206902,32.83205899400663
1206903,29.780748513661766
1207101,40.39744165128347
1207102,32.007779911266276
1207103,25.741711098554536
1207104,35.72701109890069
1207105,51.410628864184204
1207106,32.006151913470354
1207301,37.654954829485185
1207302,24.208881324786617
1208101,35.52767318368064
1208102,27.874508529373003
1208103,49.586445881119936
1208301,26.687503427690995
1208302,28.203175941238406
1208303,24.969493235637348
1208500,90.39555992363911
1208601,33.185405295238404
1208602,24.311420928651746
1208603,53.689629359932425
1208604,45.23710790114457
1208605,42.90933392313187
1208606,25.865529134753583
1208607,26.835050628492443
1208608,26.244558203181548
1208609,22.283627988309785
1208610,34.083310688362175
1208611,33.05973593073206
1208612,53.67675483647141
1208613,30.313624542882845
1208614,66.09256890017737
1208615,29.198158319632512
1208616,100.47067304106321
1208617,34.39333645980785
1208618,31.969832629684714
1208619,30.163308628464176
1208620,36.57904429871312
1208621,31.009513373104358
1208622,37.986807071161444
1208623,43.59817904275764
1208624,31.43959306332034
1208625,39.62364557006577
1209101,30.657455255773495
1209102,32.43386818798055
1209501,30.323949531501025
1209502,35.30229600079858
1209503,41.491710284792305
1209504,28.39963975126228
1209505,42.59963659023467
1209506,28.01189023730101
1209507,44.68646753917957
1209508,24.223854421702605
1209509,33.07718116859411
1209510,37.76278073757371
1209701,60.58297451889664
1209702,33.11400474857258
1209703,24.25107608606448
1209901,44.05756952252514
1209902,46.03139905269591
1209903,75.84305216953254
1209904,30.116050610035934
1209905,45.31517044659043
1209906,34.83486001695449
1209907,46.174064786515885
1209908,52.238613610462046
1209909,58.83641570186332
1209910,49.26910794413504
1209911,40.45235886630978
1210101,31.515307826219193
1210102,36.59534519943308
1210103,24.47978956779729
1210104,34.686994141996884
1210301,39.828441444513814
1210302,38.41697017334671
1210303,77.38163544500037
1210304,31.90150499480007
1210305,35.46855041081986
1210306,32.069583445508414
1210307,42.06271334841527
1210308,49.01764558189806
1210501,30.7852479300281
1210502,25.15155121529803
1210503,32.91813653357082
1210504,28.678074434780026
1210505,29.908703043035782
1210799,26.12783404209479
1210902,47.07146084678838
1210903,64.1620613585318
1211101,28.71709714584081
1211102,39.63492583906526
1211103,44.33013704793573
1211300,33.354349328259985
1211501,90.33583001366124
1211502,40.75315937534678
1211503,36.62325048259528
1211701,40.78900380044487
1211702,37.3277271336118
1211703,29.409460478477712
1211704,39.92193656184764
1211900,36.05415588818699
1212701,28.20012148759578
1212702,32.258391345599236
1212703,52.847366109723275
1212704,33.29982360472685
1300100,27.345593902213235
1300200,24.834032064965715
1300300,31.194731452740335
1300400,31.315514199221337
1300500,26.220706717780622
1300601,45.362401624002196
1300602,25.054980918148907
1300701,42.805711496689085
1300702,88.26102908092182
1300801,59.68127011511671
1300802,43.63706834408363
1300900,29.351512335529602
1301000,25.709286957407453
1301100,32.750190302856765
1301200,31.640665014804455
1301301,40.94841698030755
1301302,61.68412901723902
1301303,34.91307519914005
1301304,39.86419352790941
1301305,39.55469001660026
1301401,56.311600684734294
1301402,60.42805488428568
1301403,65.84209502007812
1301404,69.35399464562782
1301405,64.3314146868315
1301406,41.22471950410518
1301407,34.581016868977756
1301408,35.057475782731885
1301501,49.428048159699436
1301502,33.94379581894187
1301503,33.51675533773548
1301504,47.15593824672353
1301505,39.45609293195432
1301506,53.74965060563663
1301601,33.28114024994452
1301602,44.06029419440284
1301603,40.98194079962866
1301604,34.6618767147142
1301605,31.217626464719277
1301606,28.183388932509704
1301607,32.63013468195652
1301700,34.036855319655096
1301800,35.03564876418429
1301900,35.974626109086
1302000,170.52724281129449
1302100,32.47740835766996
1302201,102.67916550705777
1302202,27.462856231075477
1302301,24.17754601754556
1302302,36.03485855986527
1302400,46.6960360994821
1302500,40.13721170643292
1302600,28.608339956267216
1302700,28.69529312329974
1302800,36.47574180292449
1302900,32.205029524700926
1303000,48.35799528355865
1303100,25.540184174743132
1303200,34.16325991973697
1303301,28.8540550725415
1303302,26.31678121002673
1303400,29.775178567353038
1303500,211.44981909359979
1303600,33.88369206286857
1303700,25.35798046733739
1303800,26.177233574789987
1303900,27.232328428421045
1304000,38.22811124864225
1304100,23.584630922897393
1304200,26.29621643119404
1304300,26.759777660211498
1304400,25.938321616600014
1304500,21.87992340110432
1304600,27.085420798344465
1304701,28.09048720741871
1304702,37.55580891760051
1304800,32.470568785842794
1500100,40.93768133263768
1500200,30.312839367928717
1500301,27.423746572708346
1500302,39.61923144203633
1500303,133.9926144289347
1500304,116.19755935352129
1500305,31.475541995624212
1500306,33.6372054532685
1500307,30.87714403914666
1500308,32.89071554077683
1600100,30.233998041760916
1600200,34.07184582404918
1600300,29.86576800751767
1600400,39.59438794754181
1600500,29.43553113563928
1600600,31.607354075081485
1600701,33.41115173619087
1600702,33.98145680377101
1600800,35.86748724872811
1600900,29.53530120953576
1601000,25.53057051889186
1601100,26.856757278360142
1601200,32.40687404408734
1601300,26.587560209727812
1700100,28.850576812645926
1700701,30.718108707807367
1701901,39.09326737819603
1701902,28.161429316496644
1702900,30.8249686343136
1703101,44.991606541531965
1703102,39.94552988811526
1703103,44.6402622531354
1703104,51.750741380671684
1703105,41.967518664321155
1703106,84.89054038218701
1703107,50.24133673725979
1703108,41.560927500296295
1703109,30.323316525458125
1703110,29.903951926890397
1703111,53.00865159123443
1703112,26.019004665108035
1703113,39.62674840322388
1703114,32.62861413694645
1703115,38.25153980634052
1703116,32.50073491825594
1703117,40.551583505621394
1703118,32.55278103717873
1703151,39.3359145557185
1703152,52.26802905322934
1703153,38.66982889691488
1703154,64.98469340702965
1703155,53.00397303911993
1703156,34.61486501197822
1703157,31.638244010046737
1703158,34.332576487300614
1703159,56.476732735626776
1703160,56.791085175290256
1703161,52.3327913938312
1703162,44.93774052746031
1703163,27.035480476179696
1703164,33.45143981795613
1703165,27.14096503631239
1703166,33.30918747642365
1703167,25.62071236169224
1703168,28.146273762294836
1703700,30.001485510860466
1704301,37.635339077916505
1704302,33.464133931423305
1704303,56.2393195273472
1704304,44.046935626054754
1704305,45.84584178610162
1704306,41.95050727086067
1704307,64.88735902896497
1704900,28.80136081051136
1707300,27.436618041821067
1708901,45.541331367208834
1708902,36.62893113265748
1708903,41.33419579097086
1708904,25.158906871500832
1709100,36.30920209259357
1709300,33.56767521965101
1709500,31.49483294949965
1709701,35.20221392594487
1709702,34.6054520895315
1709703,40.945924949653715
1709704,50.78167220385963
1709705,68.79547266475635
1709900,31.004117002955734
1711101,42.24532808218131
1711102,34.69946092243132
1711300,32.99256229443888
1711500,30.390976576701284
1711700,26.92187942024347
1711901,28.74430293707164
1711902,34.477332046799596
1712100,28.7635342528393
1713500,34.06088230680868
1714300,35.227430902140306
1716100,30.73197178192594
1716301,30.162011582355323
1716302,32.80574579905431
1716500,27.456237838568168
1716700,33.1946884514375
1717900,31.335404902566964
1719500,27.665712181515023
1719701,47.1509572422816
1719702,43.13270481609742
1719703,32.43752323307687
1719704,40.40419052589281
1719705,35.73846532491254
1719900,26.049944066733666
1720101,28.819165255209718
1800101,23.4336922241761
1800102,27.703797124946384
1800103,33.21301419799885
1800104,47.400831030194034
1800200,34.92824697919661
1800300,30.07026245547693
1800401,26.31928395309272
1800402,32.86714588356267
1800501,24.78258335202112
1800502,30.330436724131356
1800600,31.420019736008864
1800700,29.21874518539262
1800800,31.488074574507078
1800900,26.430663394164842
1801001,33.93658524390543
1801002,28.14269671439925
1801003,39.66362275213658
1801100,29.21175423923145
1801200,28.321322174816903
1801300,29.656083522675203
1801400,26.526137743896996
1801500,26.96777581618004
1801600,28.524515507623093
1801700,27.118091741454954
1801801,44.20232908040008
1801901,63.48804672600188
1801902,42.98397545601666
1802000,27.68123608518356
1802100,23.979499699078826
1802200,38.17588670355641
1802300,36.74512110243079
1802401,29.143464134301414
1802402,36.425349556255554
1802403,38.25812344519368
1802404,26.387364299059545
1802405,30.657548117624934
1802406,26.919738514581073
1802407,26.76878871808049
1802500,33.613233960408984
1802600,32.21018946114934
1802700,24.90226423587493
1802800,28.080113087110895
1802900,33.545129036520066
1803000,28.18503886232319
1803100,27.831694296083402
1803200,27.550319946977012
1803300,31.463352647941043
1803400,30.667580060429092
1803500,26.554204340305464
1803600,38.875322406220356
1803700,30.871605011947832
1900100,26.123516986423883
1900200,27.27449115372736
1900301,32.529006067165845
1900302,27.09259361561969
1900400,27.849772020583362
1900500,30.47426780294575
1900600,29.070517408244086
1900700,27.152543703876717
1900800,28.428232137163445
1900900,30.98998606827155
1901100,32.839224094968785
1901200,26.560795127784598
1901300,28.719521092751062
1901400,30.57033779539664
1901501,37.16317418254916
1901502,30.337943059981132
1901503,27.403996769909845
1901600,34.76268528209235
1901800,27.481352435926173
1901900,28.09736738227052
1902000,29.71848675562013
1902100,28.818484176841295
1902200,23.80206832053142
1902300,26.629528908032853
2000100,25.277474235133838
2000200,34.91506733706857
2000300,40.74359280956413
2000400,26.7256720209824
2000501,28.729342157165473
2000601,29.707695498372754
2000700,30.523797975124875
2000801,43.44774570076798
2000802,42.05913034943155
2000803,53.96320046387936
2000804,34.99343070082749
2000900,32.40804826266402
2001000,25.505528124146075
2001101,24.85720367098855
2001201,33.183106469420444
2001301,39.22416393679286
2001401,29.441164601133856
2001501,27.89526619320457
2001600,24.931970407402957
2001701,25.53311516856083
2001800,24.292153492441667
2100100,26.796591094439297
2100200,25.423927660138855
2100300,23.138996325921923
2100400,30.356812839691376
2100500,30.369745792523435
2100600,27.27936507889561
2100700,26.817674759329208
2100800,28.508886142139975
2100900,21.296510213927416
2101000,28.83737743357143
2101100,22.749071442118417
2101200,27.53571839125391
2101300,29.25363036169279
2101400,23.949132800448975
2101500,27.023353710997334
2101600,29.340664932696768
2101701,23.67842183462482
2101702,40.451993809373114
2101703,46.62325100427447
2101704,36.86786339134893
2101705,26.221347085832527
2101706,24.87388446762631
2101800,37.52138145742068
2101901,28.003067989457207
2101902,40.43423236851943
2101903,30.762542054198306
2102000,35.396704687447375
2102100,28.903793911419893
2102200,26.8913906018505
2102300,28.030412727637273
2102400,34.79296109189986
2102500,33.210797449938596
2102600,33.19840176195555
2102700,25.047066472890332
2102800,27.24369865637857
2200101,24.709499490009758
2200102,33.33999232368329
2200200,26.557595848717128
2200300,27.953392450383003
2200400,33.16725555660013
2200500,30.70984596058138
2200600,29.30207040308886
2200700,27.285230068334098
2200801,39.10187437153232
2200901,41.70423917987769
2201000,25.773316759499288
2201100,26.21612035318973
2201201,24.06476673359876
2201202,38.108230314666095
2201300,28.700232071779997
2201400,30.313982253985706
2201501,27.41222074062215
2201502,22.37733538457688
2201503,29.940391919021447
2201504,34.19163976776602
2201600,34.98452407587321
2201700,36.038991865307516
2201800,25.38858565563567
2201900,29.320159615879593
2202000,30.656752996280254
2202100,27.192036521007207
2202201,39.28362037580524
2202202,31.111309703514852
2202301,36.07876221836173
2202302,34.746255618273615
2202303,32.40290035957794
2202401,32.440939015132976
2202402,30.817881417279516
2202403,40.546409217037855
2202501,28.704597142931203
2300100,41.825860120551425
2300200,27.402198414239848
2300300,30.790065703875396
2300400,32.64693777859827
2300500,36.17557358164186
2300600,30.92086559461172
2300700,33.98601510561107
2300800,39.969530503861236
2300900,41.83736454328504
2301000,37.91698021176713
2400101,30.175105643131225
2400201,34.824134302664866
2400301,39.09542674297122
2400302,49.54101539987655
2400400,40.44518172185699
2400501,51.693784541206114
2400502,39.48561652996472
2400503,53.37927833889224
2400504,36.764009173616074
2400505,39.97341620851584
2400506,29.46329215371338
2400507,34.88037611699845
2400601,41.27116410302457
2400602,34.977799010807075
2400700,37.80595510322579
2400801,31.312064153646222
2400802,39.2895684018506
2400803,29.535885975597637
2400804,42.7296224121939
2400805,36.58859191894585
2400901,67.32524695373114
2400902,55.2440877863442
2400903,46.74435046496357
2401001,58.86539797416058
2401002,42.56899328777168
2401003,52.60007555133343
2401004,66.31867341663629
2401005,41.44745175566827
2401006,43.44763026094554
2401007,46.26297008115928
2401008,86.94079478781447
2401101,28.155142670766466
2401102,36.96699821653611
2401103,31.319171914462625
2401104,32.71637580965982
2401105,42.579461291595145
2401106,50.25731283134805
2401107,47.06313027333356
2401201,51.32632677781629
2401202,32.21893886753424
2401203,45.311643002490364
2401204,52.991107780556554
2401205,56.01171393740666
2401300,40.194819573662336
2401400,29.51538666296987
2401501,44.260485341446675
2401601,59.899142710881826
2401700,45.41091837926476
2500100,37.88029557762818
2500201,33.39046229819462
2500301,37.40089040658588
2500401,36.063834012318445
2500402,29.533562420275707
2500403,37.90203581965637
2500501,35.87373636299022
2500502,39.67648183487608
2500503,49.03280279042063
2500504,34.87481847817961
2500505,32.619224593303194
2500506,35.33112596200235
2500507,36.046876560339875
2500601,53.25452986008918
2500602,28.068676431338478
2500603,45.49855509228651
2500604,68.78555292639948
2500605,36.59575391793028
2500606,66.35819990164842
2500607,71.29674413255542
2500608,62.00735311862171
2500609,41.285799238765414
2500610,49.559442083926456
2500611,63.188358670556944
2500612,64.8634812288291
2500613,51.66837869334549
2500701,41.877877650837775
2500702,39.772099000998395
2500703,51.78132581852816
2500704,43.515261863973095
2500705,31.829342973082834
2500706,50.15421468696651
2500801,39.77337621869042
2500802,60.59929460438749
2500803,45.93323346172628
2500804,31.98014691591499
2500805,45.003775161102745
2500806,40.867699788898555
2500901,86.16665659448392
2500902,133.47003955356357
2500903,36.15758670728922
2500904,39.80520454482271
2500905,47.12508250007374
2500906,48.00204365957823
2501001,46.50577776610638
2501002,44.16114901809688
2501003,29.313859146027195
2501004,32.8785235239541
2501101,32.2225682184527
2501102,51.17571178811823
2501103,49.41323185696172
2501104,44.18067243642608
2501201,41.61972072276318
2501301,83.78041852579412
2600100,36.00714065072588
2600200,31.315656286940456
2600300,29.903782461419585
2600400,32.13049728509431
2600500,38.698530941776525
2600600,27.193899508431
2600700,28.3946813995066
2600801,32.41829984880885
2600802,33.51698237860617
2600900,34.08475040875571
2601001,29.476102508834135
2601002,32.95032414575494
2601003,41.13008088472992
2601004,41.34634864860184
2601100,29.972883653455995
2601200,26.073647929074436
2601300,24.979052272550806
2601400,31.8330474630861
2601500,28.961865589569243
2601600,28.431565174815947
2601701,59.53854103667234
2601702,25.623424000173014
2601703,24.36276951828511
2601704,31.280241068095226
2601801,31.21729565184556
2601802,23.54138855517563
2601900,36.53162711910983
2602000,29.806942351913793
2602101,34.7027558288338
2602102,29.320482518021997
2602200,26.88705624570081
2602300,28.801184552400752
2602400,33.36958048086403
2602500,28.45690036735701
2602600,28.284379719461597
2602701,39.9300164381084
2602702,44.172063662206284
2602703,35.738013289488485
2602800,38.34404843298437
2602901,40.7080418767265
2602902,41.48031468948424
2602903,46.06564443183878
2602904,32.64530620372027
2602905,47.460494729924555
2602906,65.01372279860016
2602907,36.94001560899956
2602908,51.52848654593867
2603001,33.30680624019998
2603002,38.60276528512294
2603003,44.058359306930974
2603004,29.768359123696296
2603005,29.145589685194725
2603006,26.943899755903868
2603100,29.27929110912405
2603201,49.923566025983995
2603202,33.7680276364448
2603203,35.13004171357718
2603204,25.832260789967993
2603205,26.37331069374615
2603206,30.826260956084877
2603207,28.906252801842893
2603208,30.28625824508325
2603209,87.0549453113662
2603210,21.02993597637267
2603211,32.38083190041869
2603212,22.537815030019072
2603213,36.81525614997853
2603300,34.70591780983117
2700101,33.53467282059194
2700201,31.45296059463903
2700301,32.927634122113496
2700401,30.937610571139
2700501,30.09169860966828
2700600,31.01757824508083
2700700,31.266282816508273
2700800,34.239712650720776
2700901,32.11023006050836
2701001,25.233384449124753
2701101,34.87052101901727
2701200,33.059808987766594
2701301,40.01443644128438
2701302,28.94664670540961
2701303,36.3350786003591
2701401,45.995682737104836
2701402,39.726654671008724
2701501,39.16470453735546
2701502,35.014433985999794
2701503,38.38256936938664
2701504,51.70231615546164
2701505,26.18476521271961
2701601,53.6284360052176
2701602,52.003241487705175
2701603,33.36417732948247
2701604,33.47746559879998
2701605,52.932957482382875
2701606,51.38710394130145
2701607,53.03101610401416
2701608,33.04407973210537
2701609,36.86446804518734
2701610,57.746278162177894
2701611,35.5690034990082
2701701,42.19957860591078
2701702,38.90033075630775
2701703,37.15909823358975
2701704,40.599802901590806
2701800,37.572734068380335
2701900,53.11409338190443
2702001,35.946796252240425
2702100,30.679599205834954
2702200,29.07589695471033
2702300,28.486057800692276
2702400,31.68787612505326
2702500,30.581651427180272
2702600,46.7773159515632
2702700,36.491814318615965
2702800,36.597517430648494
2800100,30.87378282961268
2800200,25.347655605019344
2800300,23.723254702545752
2800400,41.46833337338326
2800500,30.51112869332133
2800600,42.708371465132146
2800700,22.580848794603412
2800800,22.705108461351053
2800900,33.42327344980656
2801001,28.00468700624827
2801101,29.0908479498564
2801300,29.067717337178298
2801400,28.560779590476518
2801500,37.707002322092045
2801600,26.34001128734934
2801700,27.11078891328162
2801800,26.62221093537361
2801900,30.05737736510981
2802001,28.400016827383062
2802002,34.92938350774369
2802100,29.213514361788913
2900100,29.002267525073385
2900200,27.03926997322141
2900300,24.45411881224075
2900400,30.805586260165462
2900501,30.337921042673816
2900601,32.98078795523549
2900700,26.40607542936817
2900800,31.37678664879775
2900901,38.09189643176784
2900902,34.7228907745189
2901000,36.66298851546601
2901101,30.07825859078295
2901102,28.9958776796476
2901103,30.39905568826622
2901104,41.04860221778572
2901105,29.392166163153636
2901200,30.665241980446535
2901300,24.048014547802758
2901400,24.984468817610168
2901500,29.990144583190222
2901600,24.113500974227414
2901700,28.83819119208154
2901801,38.766844705058546
2901802,34.911455489200094
2901803,33.058133247602136
2901901,36.957262962898184
2901902,29.856078757635583
2901903,25.240339473906182
2901904,85.25179080911713
2901905,61.621132198622526
2901906,44.72019071440731
2901907,37.94318241225745
2901908,45.90030793453903
2902001,28.55908002025581
2902002,37.272652736368066
2902101,32.79224302626665
2902102,30.882672338648455
2902200,27.604979745677387
2902300,29.3134018142414
2902400,24.41822219115577
2902500,25.82989508401702
2902600,20.294868867158883
2902701,28.883470928475763
2902702,25.642309002004605
2902703,32.56155695121215
2902800,31.96602168044139
2902900,25.701701207121992
3000100,29.49798811258242
3000200,31.30432810211147
3000300,29.904972732054173
3000400,37.27079152160128
3000500,28.950787802229875
3000600,32.90711539175711
3000700,32.47472576517539
3000800,30.40637352377093
3100100,24.279002068245862
3100200,26.318510209075818
3100300,26.511080089588397
3100400,35.94617565760012
3100500,26.047478537873122
3100600,30.601688563155818
3100701,28.129050585737684
3100702,35.7264927122335
3100801,26.157936998476096
3100802,36.26129719846162
3100901,39.39753921765545
3100902,35.14048139438743
3100903,26.556907019670675
3100904,36.40814932555137
3200101,33.335335146360805
3200102,34.694350479669666
3200103,53.85242615019854
3200200,34.43412706587929
3200300,35.98127673745823
3200401,35.638411408011166
3200402,24.940257751224557
3200403,31.84064972106814
3200404,34.26617444364042
3200405,48.38921284737573
3200406,24.917230199791604
3200407,21.286015465918055
3200408,23.18985808916178
3200409,26.169618884882425
3200410,35.914218483407666
3200411,41.50102108029839
3200412,35.027686349684124
3200413,36.149163081653775
3200414,227.49350313994563
3200415,36.77304378459193
3300100,39.146804927069525
3300201,33.66718318921615
3300301,31.15465983548416
3300401,38.14089711438954
3300501,33.33545253982189
3300601,35.8619688067878
3300602,45.55318327200959
3300603,39.66793587529233
3300701,45.56775946454173
3300801,43.3088322970848
3400101,42.26914719244716
3400102,31.40836831020853
3400301,65.5681440434356
3400302,44.541308392948764
3400303,49.463363541898644
3400304,38.487235575004874
3400305,61.13708330686567
3400306,72.19676303268038
3400307,47.44895949725871
3400308,66.53613435974738
3400501,34.71121150960167
3400502,40.486938623076036
3400503,24.57900767297314
3400504,43.29592368822314
3400601,64.99682276154508
3400602,58.94271532957648
3400603,60.82531338066748
3400604,39.11241694523335
3400605,41.81133050490394
3400800,54.00880194982243
3400901,47.435334626552866
3400902,55.93439466549563
3400903,41.49810965105685
3400904,50.81101261436385
3400905,38.13510841666764
3400906,33.268700704443674
3400907,34.05603699928673
3401001,87.40934640915802
3401002,54.42579184112844
3401003,49.20915828702525
3401101,104.23156525551953
3401102,50.44730619564764
3401103,44.24918873437054
3401104,49.36258875212989
3401105,53.87484286400148
3401106,54.974234159551166
3401201,48.10061386927115
3401202,42.643628975596584
3401203,57.643429554311886
3401204,40.95391816510606
3401205,45.88973529801644
3401401,42.53172447693823
3401402,43.12664529233463
3401403,63.0652032283292
3401404,67.52986217317893
3401405,29.597099511679897
3401406,26.093037741792877
3401407,28.178885148354546
3401501,48.050139579618914
3401502,128.86781296202426
3401503,53.0970966850128
3401504,73.26843921779636
3401600,48.85971143588304
3401700,35.813893467524224
3401901,37.31507149968586
3401902,66.89673987898166
3401903,49.74404996675229
3401904,42.434648904443705
3401905,25.838435498616835
3402001,44.29871378535091
3402002,52.15692513375075
3402003,45.88821514202477
3402101,29.454577294870443
3402102,39.81508576895086
3402103,33.85836485149427
3402104,51.13057272010723
3402201,34.66997106232373
3402202,40.8673818479152
3402301,27.593599468442516
3402302,60.47077724923681
3402303,39.309578392950996
3402401,28.313833901868318
3402501,29.280844965092665
3402601,41.747308432139896
3500100,24.696299049160334
3500200,35.367263444214394
3500300,39.4321693473627
3500400,30.252859356403064
3500500,40.323755979932145
3500600,33.822881106751204
3500701,32.04605297623258
3500702,32.04393708301548
3500703,99.97297947355129
3500704,31.162315022397767
3500705,34.46684389018714
3500706,24.91123529062792
3500800,29.44899055728209
3500900,27.17660744770546
3501001,27.41995246760871
3501002,26.814257622495173
3501100,34.80001666901775
3600100,28.261818495200018
3600200,30.720753085076296
3600300,194.82064371497847
3600401,30.090127598099826
3600402,34.29373498420315
3600403,36.90527508210462
3600500,27.98183059580982
3600600,28.594479069469635
3600701,27.85816914760774
3600702,41.57149515681296
3600703,45.32078903711589
3600704,48.62337152410665
3600800,29.803729048079674
3600901,38.246500441520354
3600902,31.242104527827358
3600903,30.01477091051371
3600904,36.33920497745217
3600905,32.93475582828498
3600906,45.06002393579606
3601000,27.957993263030588
3601101,35.53477915330491
3601102,34.340085936184636
3601201,35.65908499699691
3601202,41.95440496665258
3601203,39.29943318959194
3601204,31.80709712370918
3601205,34.972119375613104
3601206,37.247302389790875
3601207,41.001074426510925
3601300,46.18959364958504
3601500,29.25994792971506
3601600,38.46076055947352
3601700,34.418446107021396
3601801,45.10894579822237
3601802,39.64470269919329
3601900,35.69837682168589
3602001,35.622907371700364
3602002,39.20286403506529
3602100,42.01345814230953
3602201,28.83340385463447
3602204,30.202605673935956
3602300,32.35225196190088
3602403,32.63546098058403
3602404,31.264974049982488
3602500,26.85780564504203
3602600,31.045024334854375
3602701,42.187536065317175
3602702,51.049878091123944
3602803,46.76087327340327
3602804,49.154734430098365
3602805,46.415202097902565
3602901,40.67933823295563
3602902,37.30196748587379
3602903,39.844921821080554
3603001,54.05929026674552
3603002,60.88857643731622
3603003,36.056961599946426
3603102,49.91883408821179
3603103,71.4023863050895
3603110,57.68307534963401
3603111,70.22622117231361
3603112,36.06654701098132
3603113,89.36640441786433
3603114,70.11723406923338
3603201,83.30896190539544
3603202,69.30770966192942
3603203,64.53776868101242
3603204,54.3630926729998
3603205,50.175825816905814
3603206,32.1893645165375
3603207,47.85037052695626
3603208,40.848114994609844
3603209,51.12752990853172
3603210,46.71099712539735
3603211,40.88491885188035
3603212,51.5902525789715
3603301,56.52886824134486
3603302,57.15325657191758
3603303,49.46910396449994
3603304,46.22640629470901
3603305,60.959647359208574
3603306,40.08525637047709
3603307,39.258735784281605
3603308,36.69946292124378
3603309,42.785572812592584
3603310,32.31745284538545
3603311,44.17271941191915
3603312,38.481294113586955
3603313,35.319510611750665
3604103,49.13725145932632
3604104,79.42858218403957
3604107,87.00193140710806
3604108,96.02762373415294
3604109,34.51315948244913
3604110,46.177881338068566
3604111,37.74079059824431
3604112,37.6613740676255
3604121,79.07257407344865
3604165,75.40738616730599
3604204,30.789501354213204
3604205,28.724497362689224
3604207,26.598624713173454
3604208,45.33827332457773
3604209,27.40883069167879
3604210,31.54633082757161
3604211,31.16453399730692
3604212,33.469273788449
3604221,35.45077096951186
3604263,24.204902666709458
3604301,56.26377741974621
3604302,68.82158872620292
3604303,52.09039547858851
3604304,37.7069293986931
3604305,30.848854906343014
3604306,69.19393235532291
3604307,45.346968033554106
3604308,51.19557482088313
3604309,39.8332277348537
3604310,45.0835244780451
3604311,35.60007643419929
3604312,34.887026449202544
3604313,32.05444814270382
3604314,43.16236504799064
3604315,48.893496837464
3604316,28.707510614539274
3604317,31.696932249727475
3604318,38.44500419023777
3604401,43.43718213892752
3604402,70.7905569040749
3604403,31.271272051774705
3604404,34.636051252343975
3604405,37.47066577140273
3604406,52.550865231258896
3604407,40.142355182222076
3604408,42.40692842211839
3604409,32.48255118265491
3604410,38.30059537137218
3604411,41.16682434143082
3604412,35.6481408850574
3604413,34.36274416314984
3604414,38.40919322420045
3604501,34.617321685665566
3604502,47.90606333009709
3604503,38.95492222647644
3700100,33.313456013740115
3700200,23.303433716619644
3700300,23.424778915019424
3700400,30.56358753755977
3700500,29.689710782981837
3700600,25.380813270211355
3700700,28.902581650293765
3700800,29.411159109000177
3700900,25.400451682301952
3701001,26.17028900684493
3701101,34.5930450094529
3701201,35.84068250723904
3701202,45.286041803812296
3701203,43.80830481471845
3701204,34.87305152857654
3701205,36.183619465671335
3701206,63.76302119104147
3701207,51.80075195054019
3701208,54.055136816627034
3701301,42.467299328650036
3701302,38.03857059564072
3701400,41.261334447653994
3701500,55.01361519217293
3701600,27.909079779242806
3701701,37.69275380022925
3701702,23.685796126640767
3701703,40.47173139444556
3701704,29.63099087454558
3701801,42.58442572541783
3701802,28.98819814293173
3701803,34.807091683125996
3701900,28.844770946016553
3702000,25.134491984274558
3702100,33.0661757917231
3702201,39.015529834822836
3702202,32.7151352224744
3702300,26.474954359567334
3702400,31.95589294147743
3702500,35.257453553226455
3702600,37.711292583273234
3702700,31.984261519413476
3702800,31.474413955427128
3702900,37.491753444670906
3703001,29.74573773672355
3703002,33.96207387301252
3703101,43.28428928774919
3703102,25.399169051255562
3703103,25.636289680941797
3703104,60.81836353148218
3703105,38.1548810816331
3703106,51.618290714067584
3703107,37.252735143127076
3703108,44.47777152418766
3703200,39.69324537924733
3703300,32.17922611427283
3703400,26.73866935262901
3703500,29.559688128562613
3703600,33.62940124681481
3703700,32.280886187187434
3703800,37.2412382800819
3703900,25.721432946894648
3704000,22.430888883294077
3704101,27.005627693035976
3704200,26.537622807033436
3704300,52.42400133966536
3704501,23.846489447571663
3704601,45.68801899549133
3704701,44.69176336580684
3704800,37.38942515372679
3704900,23.923726087693453
3705001,26.59832407572715
3705002,28.241525173044757
3705003,29.15439675827342
3705200,27.242464101971688
3705301,29.591834730281878
3705401,46.76035776269128
3800100,37.0278201231474
3800200,32.04937048683466
3800300,32.501445687363166
3800400,30.892233723008427
3800500,31.369664761550162
3800600,33.78566947589288
3900100,26.50123136178378
3900200,30.378773777155654
3900301,44.51448690254852
3900302,26.02380805549047
3900303,22.557716831390668
3900401,30.663265634078925
3900500,27.188047801102908
3900601,25.738031151768194
3900602,39.7598992677187
3900701,40.58141557269371
3900702,36.57896340771749
3900703,26.580379984621473
3900704,27.50963912883493
3900705,87.3865765757875
3900706,26.50810649567865
3900707,26.725410090867005
3900708,21.82609099663335
3900709,28.745273414189032
3900710,51.314568564976014
3900801,33.40614246551898
3900802,34.882005797285714
3900900,33.27855214050521
3901001,27.906461958432956
3901002,30.44401632935784
3901003,26.995266074882206
3901100,28.305564553235122
3901201,46.95885478909789
3901202,29.802791577658798
3901203,23.43123381335006
3901204,30.91770083762745
3901300,41.4848180802772
3901400,28.943424748605537
3901500,25.450216840112656
3901600,25.201631687293762
3901700,24.691584700141185
3901800,30.55264642171641
3901900,35.293223348281856
3902000,29.341743794226765
3902100,27.858864971614665
3902200,26.740509242711166
3902300,34.884240450719986
3902400,31.662321008372825
3902500,34.27810520315762
3902600,27.160212030336684
3902701,29.93021764936364
3902702,26.003240841194785
3902703,28.62294077665917
3902800,53.027742228775566
3902900,27.59979955656317
3903000,24.936069053671353
3903100,27.13275102179098
3903200,30.469928369940735
3903301,43.38674973977001
3903302,61.007286428409536
3903401,42.978463496458275
3903402,40.30345554296972
3903403,34.99866380935502
3903404,43.30986888025594
3903405,42.838612817373345
3903406,30.836336716847423
3903407,24.559900697664208
3903408,32.60807065649409
3903409,27.612331057588616
3903410,29.709086609385288
3903411,31.966894100328137
3903500,35.23114786089383
3903600,48.76284912833313
3903701,29.962397983268893
3903702,30.620984999467424
3903703,23.661562402860955
3903704,43.582809137601934
3903801,29.5776345655408
3903802,30.233087735124528
3903803,42.278574041267156
3903901,46.21930272072063
3903902,38.476543752262906
3904000,56.247037505545926
3904100,29.904392188001047
3904200,26.506821892103442
3904300,28.65595079819935
3904400,26.8889164049612
3904501,28.094274041463308
3904602,36.78236111996517
3904701,50.93709408195028
3904702,39.322589871622405
3904703,30.936935982685313
3904704,33.248752516583004
3904705,24.689199962147566
3904706,29.786973500748342
3904707,42.40319201840666
4020100,24.247706774767384
4020200,29.46115300922796
4020300,28.915668505302403
4020400,28.97063357740538
4020500,23.63710778801693
4020600,25.19751831245595
4020700,30.295660706559104
4020801,29.570970940128145
4020802,37.99912940186074
4020803,26.437935654330584
4020804,36.63128848532917
4020805,33.58241347908673
4020900,26.25695577727825
4021000,23.026728396659205
4021100,45.740714488666
4021200,27.427417543325785
4021301,28.348677124111614
4021302,26.63822436814371
4021401,36.85835234531983
4021402,45.5463627346692
4021403,29.369261252639404
4021404,31.97721112465279
4021405,25.164646364621582
4021406,23.682044297985282
4021500,34.374825468756036
4021600,24.26161084826761
4021700,24.146342355326194
4021800,33.445463633497596
4021900,28.16288096297601
4022000,26.800629412169144
4022100,24.587832855235774
4100301,36.616405027303784
4100501,39.03991538241184
4100502,37.59340673780714
4100503,35.50252886019275
4100504,205.17735439788686
4101701,40.17962492668519
4101702,32.77596209485362
4101900,27.210556111847755
4102901,32.338456602175455
4102902,37.56331238714292
4103903,27.220432570908528
4103904,32.64533551816682
4103905,34.274653898690815
4104301,28.751188417375936
4104703,28.270571873638232
4104704,29.922243969859842
4104705,32.52285574118612
4105101,42.242979635375775
4105102,27.88117214820451
4105103,43.172586815856555
4105105,46.83650636719127
4105114,47.069110925494435
4105116,33.61265570108889
4105901,30.07154781996337
4106501,34.09152796983858
4106720,39.351940786679634
4106721,47.568258961716765
4106722,43.81659595328326
4106723,38.910134587251726
4106724,43.069942227017194
4107100,34.46867869101764
4109000,30.939643899741053
4109100,41.2804146711945
4109200,32.494342282717994
4109300,31.96248517439693
4200111,27.123352219213512
4200112,30.79692276229234
4200200,30.516843113453078
4200300,26.496176328080576
4200400,28.232218400565806
4200500,35.023945617210984
4200600,30.610093974379303
4200701,29.408064128882966
4200702,33.78799097190605
4200801,33.29143612534377
4200802,32.69308611672702
4200803,29.855296028755415
4200900,25.255796390870408
4201000,28.109607400454014
4201100,26.345239656178517
4201200,26.975263754940904
4201300,25.623804833658912
4201400,28.324903832513442
4201511,33.60571402998315
4201512,229.61403358633572
4201600,36.857014670590196
4201701,41.651512234471696
4201702,33.708961454340994
4201801,38.19679985516967
4201802,50.58352250032639
4201803,37.17757139093663
4201804,34.913464376414204
4201805,29.81193787833992
4201806,120.73352299782816
4201807,39.384928873452466
4201900,26.727468173075838
4202011,34.95464084396535
4202012,30.850732014553486
4202013,34.02559113021891
4202100,29.24080830475716
4202200,27.136266053398057
4202301,29.01129918156917
4202302,45.871927042792954
4202401,27.7874210303637
4202402,37.912340619657535
4202500,26.3806770861403
4202600,33.0645714972471
4202701,34.7269279334981
4202702,26.013110961146044
4202703,33.95614626175425
4202801,33.926476989309414
4202802,51.01296109712807
4202803,22.64707507421605
4202901,34.791689432649925
4202902,35.68689592179926
4203011,39.88973951895357
4203012,52.373382321376205
4203013,51.156603926382935
4203014,34.015309581927546
4203015,38.98588815569705
4203111,42.913393387542676
4203112,44.00687981590463
4203113,39.56512282197618
4203114,39.6406440988539
4203115,60.981380987893665
4203116,61.369297298617155
4203117,40.54570496082537
4203216,41.02407087824543
4203221,30.090405896583178
4203222,27.98866492947531
4203223,25.524019595447218
4203224,27.260891516384724
4203225,18.19991475632535
4203227,32.537969609688275
4203228,32.49049075063322
4203229,22.887896928719748
4203230,55.49837856362399
4203231,37.669998048566875
4203311,61.22187144855389
4203312,34.92747807067207
4203313,28.93056308765563
4203314,44.86084219149895
4203411,46.58115979563083
4203412,60.948317169900186
4203413,46.21104507029973
4203414,41.64276266243439
4203415,51.88161671383657
4203501,31.413759940070936
4203502,31.44779551354507
4203503,30.810291242640286
4203504,36.6374348449771
4203601,37.65185297925689
4203602,30.5915359482525
4203603,34.87494553409802
4203701,45.987055243069356
4203702,29.59805478976233
4203800,29.619038658655658
4203900,28.750909738175256
4204011,39.331517007809424
4204012,26.379783576894095
4400103,31.809881910172503
4400105,37.02372946866633
4400106,29.301942348199674
4400107,48.116126874010845
4400200,37.59506275076605
4400300,41.322565041409455
4400400,46.3756830598201
4500101,38.763784227335016
4500201,36.07695350601823
4500301,32.70988792671067
4500302,27.804783470931934
4500303,40.00832177955322
4500304,35.08212312542675
4500305,35.602816059345265
4500401,27.062233812495794
4500402,31.12848960954548
4500403,26.086809653120326
4500501,26.4111691373166
4500601,46.11600726177259
4500602,27.625360529083284
4500700,32.554525800224646
4500800,31.38081259644283
4500901,31.081956804529383
4501001,33.1779245739312
4501100,24.80157175411741
4501200,28.616488442252052
4501301,98.89894450789055
4501302,27.46718187193852
4501401,35.496178048991105
4501402,26.930363572324897
4501403,26.640437178820598
4501501,30.879869948702037
4501600,28.565705091408493
4501700,25.878671285235672
4501800,26.32354535283406
4501901,24.727710114045887
4502001,44.059746195205996
4502100,50.664972046351735
4502201,32.916809108458175
4502202,31.75221687598067
4502301,48.114611680873026
4502302,30.80604773963697
4502303,61.97341392522121
4502400,29.390967916577747
4502500,27.307699364847704
4502601,24.913061224850463
4502701,33.165930654157755
4502702,27.38026054494508
4600100,27.266109823689057
4600200,38.00066139819372
4600300,39.53332190913878
4600400,25.888271764516524
4600501,36.833751844956346
4600601,32.08954605713132
4700100,23.371284821377312
4700200,24.6777685912393
4700301,40.873893676463176
4700302,24.04154146029878
4700401,29.49624555556247
4700501,40.18974423292616
4700600,28.351967125799312
4700700,24.276407842571487
4700800,27.47885418179949
4700900,24.295589734281272
4701000,28.189724648808458
4701101,25.3373484641234
4701201,26.95062518885551
4701300,25.637711519127166
4701400,26.498533506180422
4701501,24.36668250680426
4701502,44.60793859361853
4701503,33.14208174549852
4701504,32.11443119936087
4701600,35.4368727472996
4701700,31.531540181569245
4701800,23.31154140562432
4701900,34.41304008556189
4702001,28.335453681947374
4702002,27.327799621545733
4702003,32.45634233212972
4702101,59.4459752750106
4702102,50.87895494306495
4702200,33.44563664593817
4702300,30.371388858855287
4702401,42.86448442188742
4702402,34.9942424719614
4702403,30.69202761959719
4702404,29.74728992268267
4702405,28.671219238696047
4702406,90.54956925204223
4702501,33.012926047345076
4702502,37.71832627207309
4702503,24.561180691096553
4702504,33.80683090418006
4702505,40.345579831582725
4702506,53.169216317192735
4702507,32.31763346797784
4702508,18.58229059841064
4702600,31.709624859750804
4702700,27.13929834371534
4702800,28.30707692055127
4702900,22.880098998066643
4703000,31.25179734967945
4703100,31.699948802206823
4703200,27.70893352953039
4703300,30.596415967617585
4703401,31.999371583411875
4703402,33.69328489486618
4703403,38.23887698613379
4703500,25.323314615190675
4703600,25.14830852027022
4703700,26.943702696918628
4800100,27.01306819694028
4800200,28.97462389155207
4800300,32.25540138563047
4800400,24.214204373102078
4800501,22.49949833852868
4800502,35.82118355703285
4800600,30.29181393157803
4800700,27.227193365394907
4800800,29.317908694330853
4800900,34.1690672409845
4801000,29.462774404981765
4801100,26.08760276855919
4801200,30.68745540904298
4801300,25.282963591104846
4801400,28.161063357686665
4801501,32.187509803547194
4801502,30.319656652207275
4801600,29.082957453113956
4801700,26.756477926858537
4801800,26.19787867170183
4801901,50.181421697621886
4801902,56.28528381460764
4801903,44.858359313808236
4801904,55.47237316757472
4801905,43.74541771104453
4801907,46.02283172198228
4801908,57.9745326934803
4801909,77.62842943081293
4802001,43.723269506369846
4802002,33.158871654757135
4802003,68.65328046424551
4802004,49.51526986908631
4802005,27.241919517381028
4802006,44.42189857921964
4802101,33.9662953826874
4802102,37.855743533165885
4802200,35.201290439339346
4802301,31.370938421526606
4802302,24.060469489835835
4802303,38.44891304665437
4802304,22.34305648515369
4802305,21.99838211142342
4802306,40.030736347981914
4802307,37.594458728257976
4802308,28.56239072865314
4802309,45.080713164279885
4802310,44.846228847840315
4802311,58.48315077234857
4802312,3405.0391441976485
4802313,69.3592936707237
4802314,22.94765394955093
4802315,34.65674319472511
4802316,23.61437900016053
4802317,27.007615727163998
4802318,40.294878481950214
4802319,27.25877019896506
4802320,25.496962380729325
4802321,37.509381205711435
4802322,45.68516567393136
4802400,34.50937801486105
4802501,63.34273035257876
4802502,33.45709196767951
4802503,20.83561289731323
4802504,29.00785280221102
4802505,46.19411449352236
4802506,31.221986770116775
4802507,29.45551060263606
4802508,25.057113207434924
4802509,29.508049327284425
4802510,43.96165914982989
4802511,37.36828150824292
4802512,29.807568254737607
4802513,34.13013696054979
4802514,40.28212485684092
4802515,45.239062772723635
4802516,37.521307754226505
4802600,24.905578753388838
4802700,25.207685565954048
4802900,27.65076360550653
4803000,41.2724417694717
4803100,29.846018074671555
4803305,22.882091161982775
4803306,31.217514473059595
4803307,24.404920685194785
4803308,25.2347876511324
4803309,20.962266997819622
4803310,22.606706397112085
4803400,28.170836143842262
4803501,26.03746993523251
4803502,28.49481890761398
4803600,31.629955869314877
4803700,28.237221123620042
4803801,27.316118537134386
4803802,31.066161418373376
4803900,31.166291045858305
4804000,29.010507139122254
4804100,29.70735421906253
4804200,29.934859095804843
4804301,25.971232529120194
4804302,30.78492873953945
4804400,31.90014339220306
4804501,31.400381327110214
4804502,46.287871604891826
4804503,53.71619995298522
4804504,35.55544528244839
4804601,83.87928834440365
4804602,33.83434411861068
4804603,43.39050125230942
4804604,65.20685433901608
4804605,22.52745466440974
4804606,22.478293698534156
4804607,29.343514730876162
4804608,19.641127432323476
4804609,34.40273879482167
4804610,33.04299584643381
4804611,24.136796116168824
4804612,45.730505027334196
4804613,128.4817784811823
4804614,27.597061115239363
4804615,33.83613983071336
4804616,46.38378633661127
4804617,25.392220856248557
4804618,27.564219602135392
4804619,25.52567587666012
4804620,34.25480475080281
4804621,41.4022767226284
4804622,24.868137042962076
4804623,25.458783459471917
4804624,38.88140656033448
4804625,30.699003068868493
4804626,22.210960784979456
4804627,29.119704442815504
4804628,28.637444569275477
4804629,40.78614819709017
4804630,45.092940336682226
4804631,36.864994106870434
4804633,32.708003346750075
4804634,26.92537031996855
4804635,34.21790378186643
4804636,53.82902002669872
4804637,33.11532211389167
4804638,23.108246990068842
4804639,51.975002862259686
4804640,40.01299585653649
4804701,28.779903504878085
4804702,40.14636711456819
4804801,40.0499957687703
4804802,45.45806405304848
4804803,32.762494018197145
4804901,36.40887390863195
4804902,40.68474188924618
4804903,36.777586414939385
4804904,39.34815900869701
4804906,51.859507799350204
4804907,33.433470949079116
4805000,31.65227508796318
4805100,59.53994597847099
4805201,36.19779556036311
4805202,38.40541335688084
4805203,52.39159260206076
4805204,40.98660202757271
4805301,39.093452937222544
4805302,37.29508472887782
4805303,43.38681483840281
4805304,33.44490515867199
4805305,63.97565608677298
4805306,62.72980982501452
4805307,48.612403888499664
4805308,65.15216270456457
4805309,61.85790950166204
4805401,44.18535587508159
4805402,57.306359048790796
4805500,29.908701546227473
4805600,29.86742224955143
4805700,30.379404418031434
4805800,40.036468515275054
4805901,25.78474761653435
4805902,35.448086060479106
4805903,21.67821633085866
4805904,23.964231772086446
4805905,19.264136594179757
4805906,19.46321764792571
4805907,27.515071133409165
4805908,36.58364564367012
4805909,28.34572828966275
4805910,25.77697404587098
4805911,40.792591410002885
4805912,33.29297275271812
4805913,26.7536127172874
4805914,38.73070926718203
4805915,45.63144279360249
4805916,34.08654241191501
4806000,37.809008700723645
4806100,38.79719479396511
4806301,91.93148336054345
4806302,26.514727964994506
4806500,29.16120145240585
4806601,30.93022004709817
4806603,31.97007291231248
4806604,21.96127815821595
4806701,24.744458364106368
4806702,22.23777992638557
4806703,29.479419194099112
4806801,23.257003705731464
4806802,22.64605033280267
4806803,21.378091926750585
4806804,24.338920984915255
4806805,26.831085051744267
4806806,24.789079962789664
4806807,23.70498562735697
4807200,28.082732540290756
4807300,27.510822515128634
4807401,26.949865439471367
4807402,36.099067963506755
4807500,23.185442009267287
4807600,21.276463145978077
4807700,35.95954034106951
4903000,31.005170276575807
4905000,39.390247241416496
4911002,37.1730051682596
4911003,40.8330206150709
4911004,34.23361577748207
4913000,36.079889527084504
4921000,27.30287376110264
4935008,44.66172099779158
4935009,39.69653262151732
4935011,29.98062858610595
4935012,40.765486037958176
4935013,26.427878048149683
4935014,28.17778394398714
4935015,38.042669331150144
4935016,30.27476392689389
4935017,40.04991457803018
4949001,37.058245787346415
4949002,39.5776656953645
4949003,23.079616035200146
4949004,48.01628355242009
4953000,35.08152335576865
4957001,34.36682835933888
4957002,29.400860328953193
5000100,34.00658959267098
5000200,36.804386400513536
5000300,33.58299968998081
5000400,36.680690907975126
5101301,71.55965274242642
5101302,58.35720229958094
5101500,27.608414255160948
5101900,30.344322154398874
5104101,31.780490870854276
5104102,43.9076165906689
5104103,61.91998117836178
5105901,43.09381180605578
5105902,54.87319338482669
5105904,57.05217229749797
5105905,55.2754538637274
5105906,43.380849758805816
5105907,43.45165503152113
5105908,51.18202556772672
5106100,42.3469486251087
5106900,40.63449499093573
5107300,37.89991554126965
5108300,41.81781914985201
5108501,33.07488832871232
5108701,62.93665553538829
5108702,52.25556298094854
5109500,43.42366933089622
5110701,43.17476233437252
5110702,57.28818628871077
5110703,56.8562592200981
5110901,39.81185143697506
5112100,34.939033072031975
5114300,26.183170391195702
5114501,46.113220840953474
5114900,29.473298490994196
5115301,49.51223737412989
5115302,38.197507467113034
5115303,34.60707835491424
5116101,34.6418956844205
5116500,30.057577592917166
5117100,27.577791602832615
5117700,35.99926535441419
5117900,42.139913249966455
5118500,27.528462310212305
5119100,28.47879936358954
5151000,66.39659909303431
5154001,42.09395899749656
5155001,29.29799425608998
5155002,40.480032104566334
5160001,50.46649120651114
5161001,76.18569592744761
5165000,29.905328541746243
5168000,26.04290060136711
5168701,36.89813873642857
5170000,30.328387763019045
5171001,29.78092583550844
5171002,41.33367349390374
5174001,29.189515680192656
5176001,39.63118508408469
5176002,27.997155721108655
5177001,28.754563468327557
5180000,34.629993430103234
5181001,37.98448451021235
5181002,31.57120933524668
5181003,37.730780929853175
5320501,33.99374575319744
5320502,39.34335509593615
5320503,36.444030083922534
5320700,35.491999624364084
5320900,34.824435057588815
5321101,46.97975430413161
5321102,55.70984460770071
5321103,51.599180707730646
5321104,37.02000599424824
5321500,41.0488359815562
5322500,31.6779327860386
5322700,43.71036520572026
5322900,52.516996800060895
5323301,155.93375085328904
5323302,85.65317542811299
5323303,76.24306913246596
5323304,110.72036631353892
5323305,86.1660686713862
5323306,49.64595299856655
5323307,36.56326811529769
5323308,34.916783188016076
5323309,53.24703373209797
5323310,51.077558610711804
5323311,38.406182392650216
5323312,56.123567214223165
5323313,57.78067891927599
5323314,83.1303693716334
5323315,79.51543648135275
5323316,72.19965860074642
5323317,71.88166703185442
5323318,59.109085512564036
5323501,44.11903000182342
5323502,37.7369296895634
5324100,37.212465591902976
5325301,42.92211871711493
5325302,31.349592898006584
5325303,61.454142572455424
5325304,48.71050209062627
5325305,38.936823966284656
5325306,40.06445117518363
5325307,38.90912869655615
5325308,43.53888629196508
5325701,42.827579074534505
5326101,39.837268816007295
5326102,43.35825769809151
5326103,61.26518487594618
5326104,49.368655370927726
5326105,43.8899939684329
5326106,46.42407323900099
5326301,56.04472879291772
5326302,39.44100798492593
5326303,39.343940516298865
5326304,32.169122889278285
5326500,31.192118512227456
5326701,35.5913819277045
5326702,37.5744936155469
5327301,42.372262954700254
5327302,35.57957420806022
5327500,32.254098903661585
5327701,29.44355815122401
5327702,32.72846455790677
5400100,25.86266865602324
5400200,31.202678631202755
5400300,32.02639182935081
5400400,31.96140456535825
5400500,27.753564653796698
5400600,36.83231158241622
5400700,29.10843237220729
5400800,37.18331015016143
5400900,45.21013039392972
5401000,27.712543921339712
5401100,25.180796322913604
5401200,25.049748669336214
5500100,28.830528195530054
5500200,32.92698741914736
5500300,30.330768688377443
5500400,31.710133645069583
5500501,28.86273321194883
5500502,33.48478628172026
5500600,29.722114110471235
5500700,37.78938206693492
5500800,31.569537634444295
5500900,28.794680426455905
5501000,30.049478934813386
5501100,26.99932448289907
5501200,30.34731896661881
5501300,31.922670551240902
5501400,29.481412584543108
5501500,34.29714014031164
5501600,31.74299100148889
5501700,28.268667307119728
5501800,27.618481004578186
5501900,28.902895520544536
5502000,30.909236248278155
5502101,31.56283410800429
5502102,37.46228701945895
5502103,40.132011329362
5502104,37.671926276057214
5502105,41.74642824390565
5502200,26.8628825661268
5502300,28.922733452187774
5502400,34.12081645829392
5502501,41.44267043773919
5502502,37.28894252673955
5502503,45.87214928929908
5502600,35.46056399885
5502801,25.886695587176067
5502802,41.12518172718291
5502803,27.871420222838466
5502804,25.902068715847715
5502805,24.220124837527916
5502806,28.04411915683253
5502807,38.15361700757532
5502808,30.909273935877383
5502900,29.17533592716008
5503000,30.382110254426042
5600100,34.685787700766014
5600200,34.39026509239323
5600300,29.525539661076692
5600400,26.62470275644404
5600500,31.230258500813676
